{
"lengthUnit": "mil",
"remark": [],
"components": {
	"fields": ["COMPONENT_NO", "COMPONENT_NAME", "LAYER", "X_COORDINATE", "Y_COORDINATE", "ANGLE"],
	"rows": [
		[1, "CN3", "T", 2625, -1605, 0],
		[2, "R1", "B", 2180, -1650, 180],
		[3, "PAD1", "T", 2467.45, -1644.35, 0],
		[4, "PAD1", "T", 2467.45, -1644.35, 0],
		[5, "PAD2", "T", 2467.45, -1565.65, 0],
		[6, "PAD2", "T", 2467.45, -1565.65, 0],
		[7, "PAD3", "T", 2546.25, -1644.35, 0],
		[8, "PAD3", "T", 2546.25, -1644.35, 0],
		[9, "PAD4", "T", 2546.25, -1565.65, 0],
		[10, "PAD4", "T", 2546.25, -1565.65, 0],
		[11, "PAD5", "T", 2624.95, -1644.35, 0],
		[12, "PAD5", "T", 2624.95, -1644.35, 0],
		[13, "PAD6", "T", 2624.95, -1565.65, 0],
		[14, "PAD6", "T", 2624.95, -1565.65, 0],
		[15, "PAD7", "T", 2703.65, -1644.35, 0],
		[16, "PAD7", "T", 2703.65, -1644.35, 0],
		[17, "PAD8", "T", 2703.65, -1565.65, 0],
		[18, "PAD8", "T", 2703.65, -1565.65, 0],
		[19, "PAD9", "T", 2782.55, -1644.35, 0],
		[20, "PAD9", "T", 2782.55, -1644.35, 0],
		[21, "PAD10", "T", 2782.55, -1565.65, 0],
		[22, "PAD10", "T", 2782.55, -1565.65, 0],
		[23, "PAD11", "B", 2140.63, -1650, 0],
		[24, "PAD12", "B", 2219.37, -1650, 0]
	]
},
"pins": {
	"fields": ["PIN_NO", "PIN_NAME", "PIN_X", "PIN_Y", "LAYER", "PIN_TYPE", "NET_NAME", "NET_TYPE", "PAD_SHAPE", "PAD_SIZEX", "PAD_SIZEY", "HOLE_SIZE", "HOLE_LEN", "PAD_ANGLE"],
	"rows": [
		[1, "CN3_1", 2467.45, -1644.35, "T", "DIP", "GND", "GND", "C", 60, 60, 36, 36, 0],
		[2, "CN3_1", 2467.45, -1644.35, "T", "DIP", "GND", "GND", "C", 60, 60, 36, 36, 0],
		[3, "CN3_2", 2467.45, -1565.65, "T", "DIP", "+5V", "", "C", 60, 60, 36, 36, 0],
		[4, "CN3_2", 2467.45, -1565.65, "T", "DIP", "+5V", "", "C", 60, 60, 36, 36, 0],
		[5, "CN3_3", 2546.25, -1644.35, "T", "DIP", "VO", "", "C", 60, 60, 36, 36, 0],
		[6, "CN3_3", 2546.25, -1644.35, "T", "DIP", "VO", "", "C", 60, 60, 36, 36, 0],
		[7, "CN3_4", 2546.25, -1565.65, "T", "DIP", "BLK", "", "C", 60, 60, 36, 36, 0],
		[8, "CN3_4", 2546.25, -1565.65, "T", "DIP", "BLK", "", "C", 60, 60, 36, 36, 0],
		[9, "CN3_5", 2624.95, -1644.35, "T", "DIP", "RS", "", "C", 60, 60, 36, 36, 0],
		[10, "CN3_5", 2624.95, -1644.35, "T", "DIP", "RS", "", "C", 60, 60, 36, 36, 0],
		[11, "CN3_6", 2624.95, -1565.65, "T", "DIP", "E", "", "C", 60, 60, 36, 36, 0],
		[12, "CN3_6", 2624.95, -1565.65, "T", "DIP", "E", "", "C", 60, 60, 36, 36, 0],
		[13, "CN3_7", 2703.65, -1644.35, "T", "DIP", "D4", "", "C", 60, 60, 36, 36, 0],
		[14, "CN3_7", 2703.65, -1644.35, "T", "DIP", "D4", "", "C", 60, 60, 36, 36, 0],
		[15, "CN3_8", 2703.65, -1565.65, "T", "DIP", "D5", "", "C", 60, 60, 36, 36, 0],
		[16, "CN3_8", 2703.65, -1565.65, "T", "DIP", "D5", "", "C", 60, 60, 36, 36, 0],
		[17, "CN3_9", 2782.55, -1644.35, "T", "DIP", "D6", "", "C", 60, 60, 36, 36, 0],
		[18, "CN3_9", 2782.55, -1644.35, "T", "DIP", "D6", "", "C", 60, 60, 36, 36, 0],
		[19, "CN3_10", 2782.55, -1565.65, "T", "DIP", "D7", "", "C", 60, 60, 36, 36, 0],
		[20, "CN3_10", 2782.55, -1565.65, "T", "DIP", "D7", "", "C", 60, 60, 36, 36, 0],
		[21, "R1_1", 2219.37, -1650, "B", "SMD", "+5V", "", "R", 44.588, 54.213, 0, 0, 180],
		[22, "R1_2", 2140.63, -1650, "B", "SMD", "$1N23", "", "R", 44.588, 54.213, 0, 0, 180],
		[23, "PAD1_1", 2467.45, -1644.35, "T", "DIP", "GND", "GND", "C", 60, 60, 36, 36, 0],
		[24, "PAD1_1", 2467.45, -1644.35, "T", "DIP", "GND", "GND", "C", 60, 60, 36, 36, 0],
		[25, "PAD2_2", 2467.45, -1565.65, "T", "DIP", "+5V", "", "C", 60, 60, 36, 36, 0],
		[26, "PAD2_2", 2467.45, -1565.65, "T", "DIP", "+5V", "", "C", 60, 60, 36, 36, 0],
		[27, "PAD3_3", 2546.25, -1644.35, "T", "DIP", "VO", "", "C", 60, 60, 36, 36, 0],
		[28, "PAD3_3", 2546.25, -1644.35, "T", "DIP", "VO", "", "C", 60, 60, 36, 36, 0],
		[29, "PAD4_4", 2546.25, -1565.65, "T", "DIP", "BLK", "", "C", 60, 60, 36, 36, 0],
		[30, "PAD4_4", 2546.25, -1565.65, "T", "DIP", "BLK", "", "C", 60, 60, 36, 36, 0],
		[31, "PAD5_5", 2624.95, -1644.35, "T", "DIP", "RS", "", "C", 60, 60, 36, 36, 0],
		[32, "PAD5_5", 2624.95, -1644.35, "T", "DIP", "RS", "", "C", 60, 60, 36, 36, 0],
		[33, "PAD6_6", 2624.95, -1565.65, "T", "DIP", "E", "", "C", 60, 60, 36, 36, 0],
		[34, "PAD6_6", 2624.95, -1565.65, "T", "DIP", "E", "", "C", 60, 60, 36, 36, 0],
		[35, "PAD7_7", 2703.65, -1644.35, "T", "DIP", "D4", "", "C", 60, 60, 36, 36, 0],
		[36, "PAD7_7", 2703.65, -1644.35, "T", "DIP", "D4", "", "C", 60, 60, 36, 36, 0],
		[37, "PAD8_8", 2703.65, -1565.65, "T", "DIP", "D5", "", "C", 60, 60, 36, 36, 0],
		[38, "PAD8_8", 2703.65, -1565.65, "T", "DIP", "D5", "", "C", 60, 60, 36, 36, 0],
		[39, "PAD9_9", 2782.55, -1644.35, "T", "DIP", "D6", "", "C", 60, 60, 36, 36, 0],
		[40, "PAD9_9", 2782.55, -1644.35, "T", "DIP", "D6", "", "C", 60, 60, 36, 36, 0],
		[41, "PAD10_10", 2782.55, -1565.65, "T", "DIP", "D7", "", "C", 60, 60, 36, 36, 0],
		[42, "PAD10_10", 2782.55, -1565.65, "T", "DIP", "D7", "", "C", 60, 60, 36, 36, 0],
		[43, "PAD11_2", 2140.63, -1650, "B", "SMD", "$1N23", "", "R", 44.588, 54.213, 0, 0, 180],
		[44, "PAD12_1", 2219.37, -1650, "B", "SMD", "+5V", "", "R", 44.588, 54.213, 0, 0, 180]
	]
}
}